{
    "camera_matrix": [
        [641.2884884857184, 0, 328.6163074917606],
        [0, 643.6965250186774, 185.674334810617],
        [0, 0, 1]
    ],
    "dist_coeffs": [
        -0.2721811385310048, 0.0325990902191418, -0.001906748705730145,
        -0.001356534260896296, 0
    ]
}
